Neighborhood,City
Alcova Heights,Arlington
Arlington Forest,Arlington
Arlington Heights,Arlington
Arlington Ridge,Arlington
Arlington View / Johnson's Hill,Arlington
Aurora Hills,Arlington
Ballston,Arlington
Barcroft,Arlington
Bellevue Forest,Arlington
Bluemont,Arlington
Bonair,Arlington
Brandon Village,Arlington
Buckingham,Arlington
Carlin Springs,Arlington
Cherrydale,Arlington
Claremont,Arlington
Clarendon,Arlington
Columbia Forest,Arlington
Columbia Heights,Arlington
Country Club Hills,Arlington
Crescent Hills,Arlington
Crystal City,Arlington
Crystal Gateway,Arlington
Dominion Hills,Arlington
Donaldson Run,Arlington
Douglas Park,Arlington
East Falls Church,Arlington
Fairlington,Arlington
Forest Hills,Arlington
Fort Myer Heights,Arlington
Glencarlyn,Arlington
Garden City,Arlington
Greenbrier,Arlington
High View Park / Halls Hill,Arlington
Jackson Court,Arlington
Lacey Forest,Arlington
Lauderdale,Arlington
Lee Heights,Arlington
Lyon Park,Arlington
Madison Manor,Arlington
Maywood,Arlington
New Dover,Arlington
Nauck,Arlington
Old Glebe,Arlington
Over Lee Knolls,Arlington
Penrose,Arlington
Pentagon City,Arlington
Prospect House,Arlington
Randolph Square,Arlington
Rivercrest,Arlington
Rosslyn,Arlington
Shirlington Crest,Arlington
Station Square,Arlington
Tara,Arlington
Waycroft-Woodlawn,Arlington
Waverly Hills,Arlington
Westmont,Arlington
Westover,Arlington
Willet Heights,Arlington
Williamsburg,Arlington
Williamsburg Village,Arlington
Yorktow,Arlington
